date,location,population,new_cases,total_cases,percent_pop_infected,positive_rate,new_tests,total_tests,people_fully_vaccinated,new_deaths,total_deaths
2020-01-22,United States,332915074,,1,0.00000030037690633377566,,,,,,
2020-01-23,United States,332915074,0,1,0.00000030037690633377566,,,,,,
2020-01-24,United States,332915074,1,2,0.0000006007538126675513,,,,,,
2020-01-25,United States,332915074,0,2,0.0000006007538126675513,,,,,,
2020-01-26,United States,332915074,3,5,0.0000015018845316688785,,,,,,
2020-01-27,United States,332915074,0,5,0.0000015018845316688785,,,,,,
2020-01-28,United States,332915074,0,5,0.0000015018845316688785,,,,,,
2020-01-29,United States,332915074,1,6,0.0000018022614380026541,,,,,,
2020-01-30,United States,332915074,0,6,0.0000018022614380026541,,,,,,
2020-01-31,United States,332915074,2,8,0.0000024030152506702052,,,,,,
2020-02-01,United States,332915074,0,8,0.0000024030152506702052,,,,,,
2020-02-02,United States,332915074,0,8,0.0000024030152506702052,,,,,,
2020-02-03,United States,332915074,3,11,0.0000033041459696715324,,,,,,
2020-02-04,United States,332915074,0,11,0.0000033041459696715324,,,,,,
2020-02-05,United States,332915074,0,11,0.0000033041459696715324,,,,,,
2020-02-06,United States,332915074,1,12,0.0000036045228760053083,,,,,,
2020-02-07,United States,332915074,0,12,0.0000036045228760053083,,,,,,
2020-02-08,United States,332915074,0,12,0.0000036045228760053083,,,,,,
2020-02-09,United States,332915074,0,12,0.0000036045228760053083,,,,,,
2020-02-10,United States,332915074,0,12,0.0000036045228760053083,,,,,,
2020-02-11,United States,332915074,1,13,0.000003904899782339084,,,,,,
2020-02-12,United States,332915074,0,13,0.000003904899782339084,,,,,,
2020-02-13,United States,332915074,1,14,0.00000420527668867286,,,,,,
2020-02-14,United States,332915074,0,14,0.00000420527668867286,,,,,,
2020-02-15,United States,332915074,0,14,0.00000420527668867286,,,,,,
2020-02-16,United States,332915074,0,14,0.00000420527668867286,,,,,,
2020-02-17,United States,332915074,0,14,0.00000420527668867286,,,,,,
2020-02-18,United States,332915074,0,14,0.00000420527668867286,,,,,,
2020-02-19,United States,332915074,0,14,0.00000420527668867286,,,,,,
2020-02-20,United States,332915074,0,14,0.00000420527668867286,,,,,,
2020-02-21,United States,332915074,2,16,0.0000048060305013404105,,,,,,
2020-02-22,United States,332915074,0,16,0.0000048060305013404105,,,,,,
2020-02-23,United States,332915074,0,16,0.0000048060305013404105,,,,,,
2020-02-24,United States,332915074,0,16,0.0000048060305013404105,,,,,,
2020-02-25,United States,332915074,0,16,0.0000048060305013404105,,,,,,
2020-02-26,United States,332915074,0,16,0.0000048060305013404105,,,,,,
2020-02-27,United States,332915074,1,17,0.000005106407407674186,,,,,,
2020-02-28,United States,332915074,0,17,0.000005106407407674186,,,,,,
2020-02-29,United States,332915074,8,25,0.000007509422658344393,,,,,1,1
2020-03-01,United States,332915074,7,32,0.000009612061002680821,,348,348,,0,1
2020-03-02,United States,332915074,23,55,0.00001652072984835766,,515,863,,5,6
2020-03-03,United States,332915074,19,74,0.0000222278910686994,,620,1483,,1,7
2020-03-04,United States,332915074,33,107,0.000032140328977714,,891,2374,,4,11
2020-03-05,United States,332915074,77,184,0.00005526935076541472,,1203,3577,,1,12
2020-03-06,United States,332915074,53,237,0.00007118932680110483,,1523,5100,,2,14
2020-03-07,United States,332915074,166,403,0.0001210518932525116,0.108,1772,6872,,3,17
2020-03-08,United States,332915074,116,519,0.00015589561438722957,0.112,1641,8513,,4,21
2020-03-09,United States,332915074,75,594,0.00017842388236226275,0.11,2399,10912,,1,22
2020-03-10,United States,332915074,188,782,0.0002348947407530126,0.113,3481,14393,,6,28
2020-03-11,United States,332915074,365,1147,0.0003445323115648407,0.111,4833,19226,,5,33
2020-03-12,United States,332915074,439,1586,0.00047639777344536823,0.104,8891,28117,,10,43
2020-03-13,United States,332915074,633,2219,0.0006665363551546482,0.1,11732,39849,,8,51
2020-03-14,United States,332915074,759,2978,0.000894522427061984,0.098,13040,52889,,7,58
2020-03-15,United States,332915074,234,3212,0.0009648106231440875,0.097,14444,67333,,12,70
2020-03-16,United States,332915074,1467,4679,0.0014054635447357364,0.097,27321,94654,,27,97
2020-03-17,United States,332915074,1833,6512,0.001956054414045547,0.104,39849,134503,,37,134
2020-03-18,United States,332915074,2657,9169,0.002754155854174389,0.111,50389,184892,,60,194
2020-03-19,United States,332915074,4494,13663,0.004104049671238377,0.114,60665,245557,,72,266
2020-03-20,United States,332915074,6367,20030,0.006016549433865526,0.121,76323,321880,,106,372
2020-03-21,United States,332915074,5995,26025,0.007817308987336513,0.129,75805,397685,,103,475
2020-03-22,United States,332915074,8919,34944,0.010496370614927458,0.137,73937,471622,,128,603
2020-03-23,United States,332915074,11152,46096,0.013846173874361723,0.146,79860,551482,,187,790
2020-03-24,United States,332915074,10618,56714,0.017035575865813755,0.154,104604,656086,,243,1033
2020-03-25,United States,332915074,12127,68841,0.02067824660892345,0.16,114723,770809,,333,1366
2020-03-26,United States,332915074,17821,86662,0.026031263456697668,0.168,129272,900081,,417,1783
2020-03-27,United States,332915074,18591,105253,0.03161557052234889,0.174,135851,1035932,,522,2305
2020-03-28,United States,332915074,22164,127417,0.038273124274330696,0.18,121756,1157688,,713,3018
2020-03-29,United States,332915074,16127,143544,0.043117302642775496,0.184,110260,1267948,,555,3573
2020-03-30,United States,332915074,22154,165698,0.04977185262569396,0.188,123489,1391437,,707,4280
2020-03-31,United States,332915074,26381,192079,0.057696095791685297,0.193,142283,1533720,,1079,5359
2020-04-01,United States,332915074,31175,223254,0.06706034584664076,0.199,153135,1686855,,1252,6611
2020-04-02,United States,332915074,32276,255530,0.0767553108754697,0.204,161793,1848648,,1531,8142
2020-04-03,United States,332915074,32401,287931,0.08648782301759037,0.207,169304,2017952,,1420,9562
2020-04-04,United States,332915074,31845,319776,0.09605332559978945,0.209,147756,2165708,,1603,11165
2020-04-05,United States,332915074,29240,349016,0.10483634634098907,0.21,138654,2304362,,1616,12781
2020-04-06,United States,332915074,31782,380798,0.11438292517808911,0.211,143103,2447465,,1742,14523
2020-04-07,United States,332915074,30036,410834,0.12340504593673039,0.208,179992,2627457,,2576,17099
2020-04-08,United States,332915074,31063,441897,0.13273565377817648,0.206,168334,2795791,,2150,19249
2020-04-09,United States,332915074,35610,477507,0.14343207541272224,0.205,174076,2969867,,2214,21463
2020-04-10,United States,332915074,34283,511790,0.15372989689256306,0.205,172116,3141983,,2187,23650
2020-04-11,United States,332915074,28924,540714,0.16241799853136119,0.2,210493,3352476,,2136,25786
2020-04-12,United States,332915074,26308,567022,0.17032031418319016,0.2,111573,3464049,,1889,27675
2020-04-13,United States,332915074,27143,594165,0.17847344455180783,0.199,114211,3578260,,1985,29660
2020-04-14,United States,332915074,28328,622493,0.18698252155443104,0.198,162586,3740846,,2473,32133
2020-04-15,United States,332915074,25897,648390,0.19476138229775683,0.197,172408,3913254,,2598,34731
2020-04-16,United States,332915074,29638,678028,0.20366395304767726,0.194,184291,4097545,,2183,36914
2020-04-17,United States,332915074,33107,711135,0.21360853128566956,0.188,198617,4296162,,2095,39009
2020-04-18,United States,332915074,27329,738464,0.22181753175886532,0.188,167368,4463530,,1946,40955
2020-04-19,United States,332915074,25422,763886,0.22945371347168256,0.183,134418,4597948,,1980,42935
2020-04-20,United States,332915074,30084,793970,0.2384902523218279,0.178,160544,4758492,,2245,45180
2020-04-21,United States,332915074,26075,820045,0.24632258015448108,0.173,221319,4979811,,2482,47662
2020-04-22,United States,332915074,29881,849926,0.25529814249264066,0.166,235931,5215742,,2467,50129
2020-04-23,United States,332915074,31965,881891,0.2648996903035998,0.162,233371,5449113,,2414,52543
2020-04-24,United States,332915074,31965,913856,0.27450123811455895,0.158,259667,5708780,,2169,54712
2020-04-25,United States,332915074,30914,944770,0.28378708979696127,0.155,219672,5928452,,1734,56446
2020-04-26,United States,332915074,25971,970741,0.2915881784313557,0.154,171685,6100137,,1406,57852
2020-04-27,United States,332915074,24650,995391,0.2989924691724833,0.151,225920,6326057,,1480,59332
2020-04-28,United States,332915074,24573,1019964,0.3063736308918232,0.146,269824,6595881,,2244,61576
2020-04-29,United States,332915074,26852,1046816,0.3144393515806977,0.143,294897,6890778,,2392,63968
2020-04-30,United States,332915074,29702,1076518,0.32336114645262354,0.14,322676,7213454,,2191,66159
2020-05-01,United States,332915074,34892,1111410,0.33384189746842163,0.136,336822,7550276,,1908,68067
2020-05-02,United States,332915074,26764,1138174,0.3418811849895388,0.132,268449,7818725,,1743,69810
2020-05-03,United States,332915074,23733,1161907,0.3490100301075583,0.127,215598,8034323,,1203,71013
2020-05-04,United States,332915074,23802,1185709,0.3561596012321148,0.123,250965,8285288,,1358,72371
2020-05-05,United States,332915074,24019,1209728,0.3633743541453458,0.121,319644,8604932,,2221,74592
2020-05-06,United States,332915074,24482,1234210,0.3707281815662093,0.116,359920,8964852,,2322,76914
2020-05-07,United States,332915074,27739,1261949,0.37906033657100185,0.112,362907,9327759,,1915,78829
2020-05-08,United States,332915074,27183,1289132,0.3872254820158729,0.106,403927,9731686,,1771,80600
2020-05-09,United States,332915074,24454,1313586,0.39457089888335906,0.102,335967,10067653,,1466,82066
2020-05-10,United States,332915074,18747,1332333,0.40020206474639836,0.1,249245,10316898,,1000,83066
2020-05-11,United States,332915074,19077,1351410,0.4059323549885278,0.097,320165,10637063,,1035,84101
2020-05-12,United States,332915074,23382,1374792,0.41295576781242416,0.092,422270,11059333,,1589,85690
2020-05-13,United States,332915074,20015,1394807,0.41896781159269464,0.088,450667,11510000,,1735,87425
2020-05-14,United States,332915074,25890,1420697,0.4267445696976761,0.085,450623,11960623,,1773,89198
2020-05-15,United States,332915074,24851,1445548,0.4342092361969768,0.083,445934,12406557,,1665,90863
2020-05-16,United States,332915074,24050,1469598,0.44143330079430404,0.082,366139,12772696,,1197,92060
2020-05-17,United States,332915074,18729,1488327,0.44705905987302935,0.082,304642,13077338,,830,92890
2020-05-18,United States,332915074,22308,1510635,0.45375986789952316,0.081,353361,13430699,,1220,94110
2020-05-19,United States,332915074,20503,1531138,0.45991849561008463,0.08,434304,13865003,,1445,95555
2020-05-20,United States,332915074,22826,1553964,0.4667748988740594,0.079,463324,14328327,,1503,97058
2020-05-21,United States,332915074,25152,1579116,0.47432997882216654,0.077,460146,14788473,,1188,98246
2020-05-22,United States,332915074,23829,1602945,0.4814876601231941,0.076,492601,15281074,,1204,99450
2020-05-23,United States,332915074,20189,1623134,0.48755196948516666,0.074,390354,15671428,,1074,100524
2020-05-24,United States,332915074,20174,1643308,0.4936117731935442,0.072,346915,16018343,,641,101165
2020-05-25,United States,332915074,19094,1662402,0.49934716984308136,0.071,329415,16347758,,597,101762
2020-05-26,United States,332915074,18726,1681128,0.5049720277910876,0.07,461866,16809624,,657,102419
2020-05-27,United States,332915074,18763,1699891,0.5106079996846283,0.068,553782,17363406,,1479,103898
2020-05-28,United States,332915074,21267,1721158,0.5169961153516287,0.068,536758,17900164,,1089,104987
2020-05-29,United States,332915074,25082,1746240,0.5245301689162924,0.067,547309,18447473,,1117,106104
2020-05-30,United States,332915074,23080,1769320,0.531462867914476,0.066,454158,18901631,,952,107056
2020-05-31,United States,332915074,18919,1788239,0.5371456986054046,0.065,373558,19275189,,621,107677
2020-06-01,United States,332915074,17840,1806079,0.5425044226143992,0.064,439442,19714631,,774,108451
2020-06-02,United States,332915074,20090,1826169,0.5485389946626449,0.063,522285,20236916,,981,109432
2020-06-03,United States,332915074,19156,1845325,0.5542930146803746,0.062,582607,20819523,,1011,110443
2020-06-04,United States,332915074,27934,1873259,0.5626837431819023,0.061,618771,21438294,,1005,111448
2020-06-05,United States,332915074,26440,1899699,0.5706257085853673,0.06,573376,22011670,,880,112328
2020-06-06,United States,332915074,20269,1919968,0.5767140480998466,0.059,464562,22476232,,638,112966
2020-06-07,United States,332915074,17826,1937794,0.5820685668321525,0.058,405705,22881937,,456,113422
2020-06-08,United States,332915074,16900,1954694,0.5871449365491933,0.059,449418,23331355,,512,113934
2020-06-09,United States,332915074,20321,1975015,0.5932488956628019,0.058,560579,23891934,,918,114852
2020-06-10,United States,332915074,21718,1996733,0.599772481314559,0.058,629029,24520963,,872,115724
2020-06-11,United States,332915074,22278,2019011,0.6064642780338627,0.057,615049,25136012,,817,116541
2020-06-12,United States,332915074,25558,2044569,0.6141413110059414,0.058,616757,25752769,,822,117363
2020-06-13,United States,332915074,24157,2068726,0.6213975159322465,0.058,531845,26284614,,720,118083
2020-06-14,United States,332915074,18901,2087627,0.6270749398388611,0.059,413203,26697817,,347,118430
2020-06-15,United States,332915074,20999,2108626,0.6333825544949641,0.061,506630,27204447,,401,118831
2020-06-16,United States,332915074,24549,2133175,0.6407565071685519,0.063,673169,27877616,,785,119616
2020-06-17,United States,332915074,27050,2160225,0.6488817024848805,0.066,706166,28583782,,749,120365
2020-06-18,United States,332915074,28227,2188452,0.6573604414199641,0.069,702196,29285978,,701,121066
2020-06-19,United States,332915074,31054,2219506,0.6666883458692531,0.072,704519,29990497,,634,121700
2020-06-20,United States,332915074,31826,2251332,0.6762481412902319,0.074,584336,30574833,,565,122265
2020-06-21,United States,332915074,25836,2277168,0.6840086790422713,0.075,421472,30996305,,317,122582
2020-06-22,United States,332915074,29801,2306969,0.6929602112279242,0.077,548119,31544424,,379,122961
2020-06-23,United States,332915074,38729,2345698,0.7045935084333249,0.078,700810,32245234,,740,123701
2020-06-24,United States,332915074,36251,2381949,0.7154824716648306,0.079,767262,33012496,,756,124457
2020-06-25,United States,332915074,39299,2421248,0.7272869837068416,0.08,771722,33784218,,549,125006
2020-06-26,United States,332915074,49046,2470294,0.742019269454888,0.083,810285,34594503,,630,125636
2020-06-27,United States,332915074,40754,2511048,0.7542608298956147,0.085,693834,35288337,,497,126133
2020-06-28,United States,332915074,42925,2553973,0.7671545085999921,0.086,566399,35854736,,324,126457
2020-06-29,United States,332915074,41295,2595268,0.7795585729470453,0.088,665143,36519879,,371,126828
2020-06-30,United States,332915074,49823,2645091,0.794524251551313,0.091,856406,37376285,,554,127382
2020-07-01,United States,332915074,49123,2694214,0.8092796663211471,0.094,885026,38261311,,701,128083
2020-07-02,United States,332915074,54943,2749157,0.8257832746858438,0.097,858995,39120306,,739,128822
2020-07-03,United States,332915074,51504,2800661,0.8412538868696586,0.098,801401,39921707,,677,129499
2020-07-04,United States,332915074,45945,2846606,0.8550547038311639,0.1,620829,40542536,,302,129801
2020-07-05,United States,332915074,53728,2900334,0.8711933542546649,0.102,527104,41069640,,322,130123
2020-07-06,United States,332915074,43165,2943499,0.8841591234165623,0.104,725907,41795547,,370,130493
2020-07-07,United States,332915074,57231,3000730,0.9013499941429507,0.105,903841,42699388,,1143,131636
2020-07-08,United States,332915074,60306,3061036,0.9194645238563153,0.105,981265,43680653,,842,132478
2020-07-09,United States,332915074,59656,3120692,0.937383808580563,0.105,1012334,44692987,,1036,133514
2020-07-10,United States,332915074,68859,3189551,0.9580674619738004,0.105,1016395,45709382,,818,134332
2020-07-11,United States,332915074,60439,3249990,0.9762219418157075,0.105,840481,46549863,,751,135083
2020-07-12,United States,332915074,60132,3310122,0.9942842059473702,0.104,698085,47247948,,474,135557
2020-07-13,United States,332915074,59364,3369486,1.0121157806149685,0.104,868275,48116223,,435,135992
2020-07-14,United States,332915074,65662,3435148,1.0318391290386568,0.104,1004219,49120442,,898,136890
2020-07-15,United States,332915074,66026,3501174,1.051671814656251,0.103,1035676,50156118,,964,137854
2020-07-16,United States,332915074,70814,3571988,1.0729427049013707,0.101,1029376,51185494,,967,138821
2020-07-17,United States,332915074,66472,3638460,1.0929093586191894,0.101,1047746,52233240,,920,139741
2020-07-18,United States,332915074,64322,3702782,1.1122302019883905,0.1,912720,53145960,,887,140628
2020-07-19,United States,332915074,58932,3761714,1.1299320138324527,0.098,718497,53864457,,479,141107
2020-07-20,United States,332915074,60663,3822377,1.1481537781013784,0.098,907844,54772301,,532,141639
2020-07-21,United States,332915074,68194,3890571,1.168637680851904,0.097,1036721,55809022,,1088,142727
2020-07-22,United States,332915074,67545,3958116,1.1889266389902189,0.096,1110127,56919149,,1226,143953
2020-07-23,United States,332915074,67886,4026002,1.2093180256535936,0.095,1084422,58003571,,1090,145043
2020-07-24,United States,332915074,75147,4101149,1.2318904490338578,0.093,1075059,59078630,,1092,146135
2020-07-25,United States,332915074,64200,4165349,1.2511746464204863,0.093,882235,59960865,,971,147106
2020-07-26,United States,332915074,55839,4221188,1.2679473924932578,0.093,677938,60638803,,537,147643
2020-07-27,United States,332915074,59724,4280912,1.2858871028471364,0.091,798070,61436873,,1110,148753
2020-07-28,United States,332915074,64830,4345742,1.305360537684755,0.09,968571,62405444,,1217,149970
2020-07-29,United States,332915074,64128,4409870,1.3246231079341273,0.088,1040963,63446407,,1444,151414
2020-07-30,United States,332915074,69241,4479111,1.3454215053055842,0.088,1038635,64485042,,1295,152709
2020-07-31,United States,332915074,64576,4543687,1.3648186444089943,0.086,990982,65476024,,1185,153894
2020-08-01,United States,332915074,57578,4601265,1.3821137459218804,0.084,792993,66269017,,1119,155013
2020-08-02,United States,332915074,47109,4648374,1.3962642016023583,0.083,624546,66893563,,462,155475
2020-08-03,United States,332915074,41684,4690058,1.4087851125659754,0.082,777361,67670924,,562,156037
2020-08-04,United States,332915074,61657,4751715,1.427305451479797,0.081,884248,68555172,,1258,157295
2020-08-05,United States,332915074,54348,4806063,1.443630335585225,0.079,965951,69521123,,1413,158708
2020-08-06,United States,332915074,60180,4866243,1.4617070178083915,0.076,991053,70512176,,1183,159891
2020-08-07,United States,332915074,60587,4926830,1.4799059534324361,0.075,1016133,71528309,,1295,161186
2020-08-08,United States,332915074,63933,4990763,1.4991099501850733,0.073,815958,72344267,,1086,162272
2020-08-09,United States,332915074,54267,5045030,1.5154105037610883,0.073,626764,72971031,,573,162845
2020-08-10,United States,332915074,51617,5096647,1.5309150585353188,0.071,785430,73756461,,522,163367
2020-08-11,United States,332915074,56955,5153602,1.5480230252355591,0.07,909613,74666074,,1085,164452
2020-08-12,United States,332915074,55244,5208846,1.564617047049062,0.068,1028635,75694709,,1511,165963
2020-08-13,United States,332915074,51656,5260502,1.5801333165226397,0.067,980661,76675370,,1040,167003
2020-08-14,United States,332915074,70125,5330627,1.6011972470792957,0.065,961894,77637264,,1309,168312
2020-08-15,United States,332915074,52396,5383023,1.6169357954635601,0.064,767942,78405206,,1042,169354
2020-08-16,United States,332915074,34662,5417685,1.6273474597909015,0.063,572990,78978196,,613,169967
2020-08-17,United States,332915074,37849,5455534,1.6387164253187287,0.063,677099,79655295,,472,170439
2020-08-18,United States,332915074,44902,5500436,1.6522039491669278,0.061,895848,80551143,,1230,171669
2020-08-19,United States,332915074,45884,5546320,1.6659864431371467,0.06,1005378,81556521,,684,172353
2020-08-20,United States,332915074,45128,5591448,1.6795418521661771,0.059,997081,82553602,,1100,173453
2020-08-21,United States,332915074,47591,5639039,1.693837089515508,0.058,965837,83519439,,1096,174549
2020-08-22,United States,332915074,45673,5684712,1.7075562039584908,0.057,794564,84314003,,962,175511
2020-08-23,United States,332915074,31911,5716623,1.717141531416508,0.057,562115,84876118,,503,176014
2020-08-24,United States,332915074,33923,5750546,1.7273312172100683,0.056,667067,85543185,,426,176440
2020-08-25,United States,332915074,42673,5793219,1.7401492009340496,0.056,906357,86449542,,1219,177659
2020-08-26,United States,332915074,42073,5835292,1.7527869585142304,0.056,1018294,87467836,,1158,178817
2020-08-27,United States,332915074,50518,5885810,1.7679613990684004,0.056,1021088,88488924,,1108,179925
2020-08-28,United States,332915074,46470,5932280,1.781919913905731,0.056,987617,89476541,,926,180851
2020-08-29,United States,332915074,43102,5975382,1.7948667593225294,0.055,798679,90275220,,963,181814
2020-08-30,United States,332915074,34131,6009513,1.8051189235126073,0.055,614908,90890128,,441,182255
2020-08-31,United States,332915074,33362,6042875,1.8151400978617147,0.055,661964,91552092,,482,182737
2020-09-01,United States,332915074,41978,6084853,1.827749319635794,0.055,908122,92460214,,1065,183802
2020-09-02,United States,332915074,39961,6124814,1.839752681189798,0.054,1027839,93488053,,1053,184855
2020-09-03,United States,332915074,45141,6169955,1.853311995118611,0.054,1033308,94521361,,1022,185877
2020-09-04,United States,332915074,48334,6218289,1.8678304125093477,0.053,1000079,95521440,,950,186827
2020-09-05,United States,332915074,43623,6261912,1.880933754294346,0.052,817008,96338448,,803,187630
2020-09-06,United States,332915074,29119,6291031,1.8896804294298792,0.052,566074,96904522,,436,188066
2020-09-07,United States,332915074,24563,6315594,1.8970585873801558,0.052,415250,97319772,,319,188385
2020-09-08,United States,332915074,26744,6342338,1.9050918673631463,0.051,664458,97984230,,463,188848
2020-09-09,United States,332915074,33638,6375976,1.9151959457384016,0.05,959722,98943952,,1103,189951
2020-09-10,United States,332915074,39448,6415424,1.9270452139394565,0.049,1088665,100032617,,908,190859
2020-09-11,United States,332915074,44623,6460047,1.9404489326307888,0.047,1101001,101133618,,1142,192001
2020-09-12,United States,332915074,45583,6505630,1.954141013152201,0.047,866292,101999910,,740,192741
2020-09-13,United States,332915074,40291,6545921,1.966243499085295,0.047,628331,102628241,,393,193134
2020-09-14,United States,332915074,32564,6578485,1.9760249726631485,0.046,709210,103337451,,420,193554
2020-09-15,United States,332915074,37178,6615663,1.9871923852868254,0.046,968054,104305505,,1194,194748
2020-09-16,United States,332915074,38292,6653955,1.9986944177841586,0.046,1140336,105445841,,937,195685
2020-09-17,United States,332915074,45319,6699274,2.012307198802299,0.046,1158594,106604435,,848,196533
2020-09-18,United States,332915074,50185,6749459,2.0273816138466594,0.046,1230204,107834639,,956,197489
2020-09-19,United States,332915074,45777,6795236,2.0411319674879005,0.045,939161,108773800,,662,198151
2020-09-20,United States,332915074,41610,6836846,2.053630650560449,0.045,624603,109398403,,264,198415
2020-09-21,United States,332915074,32043,6868889,2.063255627770102,0.046,751014,110149417,,409,198824
2020-09-22,United States,332915074,38271,6907160,2.074751352352402,0.046,1030377,111179794,,1023,199847
2020-09-23,United States,332915074,41119,6948279,2.0871025503639404,0.046,1205800,112385594,,1048,200895
2020-09-24,United States,332915074,48883,6997162,2.1017858746762546,0.046,1203284,113588878,,889,201784
2020-09-25,United States,332915074,47136,7044298,2.1159444405332035,0.046,1130679,114719557,,909,202693
2020-09-26,United States,332915074,43547,7087845,2.1290249536733206,0.047,939636,115659193,,764,203457
2020-09-27,United States,332915074,33779,7121624,2.139171385192369,0.047,597686,116256879,,302,203759
2020-09-28,United States,332915074,37739,7159363,2.150507309260499,0.048,668404,116925283,,334,204093
2020-09-29,United States,332915074,42033,7201396,2.1631330517644267,0.048,985193,117910476,,893,204986
2020-09-30,United States,332915074,38632,7240028,2.174737212409913,0.048,1201652,119112128,,906,205892
2020-10-01,United States,332915074,46244,7286272,2.1886278420664125,0.048,1225407,120337535,,895,206787
2020-10-02,United States,332915074,53443,7339715,2.2046808850716086,0.049,1192863,121530398,,834,207621
2020-10-03,United States,332915074,49281,7388996,2.2194837593926433,0.048,976586,122506984,,669,208290
2020-10-04,United States,332915074,33131,7422127,2.2294355466763878,0.048,641501,123148485,,370,208660
2020-10-05,United States,332915074,37357,7459484,2.2406567267662982,0.048,807954,123956439,,470,209130
2020-10-06,United States,332915074,44545,7504029,2.2540370160589367,0.048,1228194,125184633,,694,209824
2020-10-07,United States,332915074,49137,7553166,2.2687966361054595,0.048,1414266,126598899,,902,210726
2020-10-08,United States,332915074,57890,7611056,2.286185455213121,0.048,1435064,128033963,,974,211700
2020-10-09,United States,332915074,55079,7666135,2.3027299148370797,0.049,1402521,129436484,,966,212666
2020-10-10,United States,332915074,55367,7721502,2.3193608830100616,0.049,1106646,130543130,,655,213321
2020-10-11,United States,332915074,46900,7768402,2.3334485599171155,0.05,748135,131291265,,459,213780
2020-10-12,United States,332915074,42080,7810482,2.346088420135641,0.052,811090,132102355,,392,214172
2020-10-13,United States,332915074,50123,7860605,2.361144211811809,0.053,1065891,133168246,,771,214943
2020-10-14,United States,332915074,58442,7919047,2.378698838971767,0.055,1232800,134401046,,987,215930
2020-10-15,United States,332915074,63537,7982584,2.3977838864694965,0.057,1306738,135707784,,827,216757
2020-10-16,United States,332915074,70174,8052758,2.4188625354945628,0.058,1331969,137039753,,926,217683
2020-10-17,United States,332915074,54832,8107590,2.4353328020226566,0.058,1120898,138160651,,785,218468
2020-10-18,United States,332915074,52170,8159760,2.4510034652260893,0.059,771145,138931796,,458,218926
2020-10-19,United States,332915074,67882,8227642,2.471393650381839,0.059,876309,139808105,,481,219407
2020-10-20,United States,332915074,61737,8289379,2.489938019448167,0.06,1278193,141086298,,930,220337
2020-10-21,United States,332915074,60706,8350085,2.5081726999240654,0.06,1480907,142567205,,1158,221495
2020-10-22,United States,332915074,79621,8429706,2.532089009583267,0.061,1533777,144100982,,836,222331
2020-10-23,United States,332915074,81660,8511366,2.556617787754483,0.063,1466768,145567750,,948,223279
2020-10-24,United States,332915074,78376,8589742,2.580160128165299,0.064,1180359,146748109,,956,224235
2020-10-25,United States,332915074,60975,8650717,2.598475610029001,0.066,794255,147542364,,445,224680
2020-10-26,United States,332915074,64564,8715281,2.617869144609535,0.067,955208,148497572,,514,225194
2020-10-27,United States,332915074,77223,8792504,2.641065150447348,0.068,1340980,149838552,,1000,226194
2020-10-28,United States,332915074,86477,8878981,2.6670408441763738,0.069,1504877,151343429,,1009,227203
2020-10-29,United States,332915074,91292,8970273,2.694462852709397,0.071,1486782,152830211,,987,228190
2020-10-30,United States,332915074,99849,9070122,2.7244551864299185,0.073,1502378,154332589,,1057,229247
2020-10-31,United States,332915074,87343,9157465,2.750691006559829,0.074,1220802,155553391,,921,230168
2020-11-01,United States,332915074,77830,9235295,2.774069341179787,0.075,899914,156453305,,491,230659
2020-11-02,United States,332915074,81807,9317102,2.7986422747562343,0.077,1017263,157470568,,556,231215
2020-11-03,United States,332915074,124766,9441868,2.836119099851874,0.08,1365289,158835857,,1592,232807
2020-11-04,United States,332915074,100262,9542130,2.866235489234711,0.083,1633287,160469144,,1109,233916
2020-11-05,United States,332915074,128080,9670210,2.904707763397941,0.086,1696836,162165980,,1158,235074
2020-11-06,United States,332915074,127056,9797266,2.942872451609085,0.089,1678184,163844164,,1207,236281
2020-11-07,United States,332915074,127064,9924330,2.98103954283548,0.091,1456541,165300705,,1108,237389
2020-11-08,United States,332915074,119673,10044003,3.016986548347162,0.094,1011525,166312230,,553,237942
2020-11-09,United States,332915074,116956,10160959,3.0521174298043348,0.097,1224553,167536783,,758,238700
2020-11-10,United States,332915074,136552,10297511,3.0931344971180246,0.1,1539615,169076398,,1407,240107
2020-11-11,United States,332915074,147683,10445194,3.137495059776116,0.104,1791958,170868356,,1423,241530
2020-11-12,United States,332915074,158796,10603990,3.185193710994294,0.106,1854354,172722710,,1198,242728
2020-11-13,United States,332915074,179517,10783507,3.239116472088614,0.108,1905370,174628080,,1197,243925
2020-11-14,United States,332915074,164050,10947557,3.2883933035726702,0.109,1598894,176226974,,1360,245285
2020-11-15,United States,332915074,139715,11087272,3.330360463041094,0.109,1197802,177424776,,768,246053
2020-11-16,United States,332915074,153087,11240359,3.3763442625010125,0.108,1492665,178917441,,819,246872
2020-11-17,United States,332915074,164647,11405006,3.4258004189981497,0.107,1905972,180823413,,1704,248576
2020-11-18,United States,332915074,171970,11576976,3.4774562355803695,0.105,2099871,182923284,,1913,250489
2020-11-19,United States,332915074,192301,11769277,3.5352190150452607,0.104,2077224,185000508,,2029,252518
2020-11-20,United States,332915074,201668,11970945,3.5957954249917803,0.103,2151512,187152020,,1936,254454
2020-11-21,United States,332915074,179818,12150763,3.649808599534907,0.102,1857710,189009730,,1637,256091
2020-11-22,United States,332915074,146587,12297350,3.693839949103656,0.101,1422798,190432528,,1054,257145
2020-11-23,United States,332915074,181511,12478861,3.748361661749206,0.1,1674171,192106699,,1066,258211
2020-11-24,United States,332915074,173560,12652421,3.8004950776124966,0.099,1972903,194079602,,2134,260345
2020-11-25,United States,332915074,180211,12832632,3.8546263002798127,0.099,2226118,196305720,,2231,262576
2020-11-26,United States,332915074,117250,12949882,3.8898454925474475,0.099,1506590,197812310,,1405,263981
2020-11-27,United States,332915074,214635,13164517,3.9543168898383976,0.101,1512714,199325024,,1547,265528
2020-11-28,United States,332915074,168223,13332740,4.0048471941525845,0.104,1348712,200673736,,1351,266879
2020-11-29,United States,332915074,140347,13473087,4.047004191825811,0.107,1152002,201825738,,1036,267915
2020-11-30,United States,332915074,154913,13628000,4.093536479516695,0.11,1465693,203291431,,1313,269228
2020-12-01,United States,332915074,197116,13825116,4.152745573785584,0.113,1844313,205135744,,2550,271778
2020-12-02,United States,332915074,196163,14021279,4.211668408862736,0.118,2099705,207235449,,2814,274592
2020-12-03,United States,332915074,220226,14241505,4.277819213436998,0.12,2148660,209384109,,2951,277543
2020-12-04,United States,332915074,235371,14476876,4.348519226257686,0.12,2119041,211503150,,2610,280153
2020-12-05,United States,332915074,222010,14698886,4.415205903232847,0.12,1692294,213195444,,2384,282537
2020-12-06,United States,332915074,179326,14878212,4.469071292338057,0.12,1293177,214488621,,1392,283929
2020-12-07,United States,332915074,195462,15073674,4.5277835632038705,0.119,1541079,216029700,,1564,285493
2020-12-08,United States,332915074,227057,15300731,4.5959862424252975,0.119,1916051,217945751,,2571,288064
2020-12-09,United States,332915074,216007,15516738,4.660869756831738,0.118,2125459,220071210,,3165,291229
2020-12-10,United States,332915074,236941,15753679,4.732041361395369,0.117,2182818,222254028,,2980,294209
2020-12-11,United States,332915074,238903,15992582,4.803802305449227,0.117,2057565,224311593,,3374,297583
2020-12-12,United States,332915074,224534,16217116,4.8712471337359755,0.118,1723136,226034729,,2509,300092
2020-12-13,United States,332915074,191596,16408712,4.928798147481901,0.118,1249571,227284300,6804,1657,301749
2020-12-14,United States,332915074,209829,16618541,4.991825933361011,0.119,1495057,228779357,6934,1656,303405
2020-12-15,United States,332915074,226316,16844857,5.059806033294845,0.12,1946615,230725972,7202,2977,306382
2020-12-16,United States,332915074,234804,17079661,5.130335732409642,0.12,2078107,232804079,7662,3726,310108
2020-12-17,United States,332915074,240245,17319906,5.2024997822718,0.12,2053417,234857496,8433,3448,313556
2020-12-18,United States,332915074,247945,17567851,5.276976734312727,0.121,2022886,236880382,9655,2936,316492
2020-12-19,United States,332915074,205852,17773703,5.338809921235348,0.12,1712232,238592614,10730,2805,319297
2020-12-20,United States,332915074,187196,17960899,5.395039276593405,0.119,1277347,239869961,11472,1709,321006
2020-12-21,United States,332915074,196859,18157758,5.4541711739973655,0.119,1529564,241399525,13018,1798,322804
2020-12-22,United States,332915074,205932,18363690,5.516028391072493,0.118,1988816,243388341,15995,3298,326102
2020-12-23,United States,332915074,221439,18585129,5.582543552834139,0.117,2281164,245669505,19087,3382,329484
2020-12-24,United States,332915074,212948,18798077,5.646508214284103,0.117,1892221,247561726,20194,2922,332406
2020-12-25,United States,332915074,127177,18925254,5.684709248100914,0.119,1078237,248639963,20295,1519,333925
2020-12-26,United States,332915074,217440,19142694,5.75002320261413,0.122,994632,249634595,21261,1907,335832
2020-12-27,United States,332915074,135962,19278656,5.790863047553082,0.124,950244,250584839,22006,1437,337269
2020-12-28,United States,332915074,173303,19451959,5.842919266551445,0.128,1310177,251895016,26332,1872,339141
2020-12-29,United States,332915074,205972,19657931,5.904788498702826,0.134,1887911,253782927,31662,3616,342757
2020-12-30,United States,332915074,218297,19876228,5.97035987622477,0.141,2192971,255975898,39818,3890,346647
2020-12-31,United States,332915074,315088,20191316,6.065005034887666,0.146,1924984,257900882,43082,3291,349938
2021-01-01,United States,332915074,178903,20370219,6.118743364561498,0.149,1256417,259157299,50729,2247,352185
2021-01-02,United States,332915074,272281,20642500,6.2005302889949645,0.15,1119052,260276351,53709,2543,354728
2021-01-03,United States,332915074,203401,20845901,6.261627252120161,0.15,1052326,261328677,56223,1431,356159
2021-01-04,United States,332915074,185503,21031404,6.317348069375796,0.15,1409802,262738479,101355,1983,358142
2021-01-05,United States,332915074,232865,21264269,6.387295337669211,0.149,1974609,264713088,189234,3599,361741
2021-01-06,United States,332915074,259764,21524033,6.465322444366096,0.147,2340023,267053111,363247,3913,365654
2021-01-07,United States,332915074,286244,21810277,6.551303531542701,0.144,2262839,269315950,644915,4022,369676
2021-01-08,United States,332915074,304069,22114346,6.642638837074707,0.14,2153175,271469125,1009076,4173,373849
2021-01-09,United States,332915074,264739,22379085,6.722160318880604,0.137,1720490,273189615,1138006,3241,377090
2021-01-10,United States,332915074,210843,22589928,6.785492686942736,0.135,1170569,274360184,1207809,2091,379181
2021-01-11,United States,332915074,203964,22793892,6.846758762266199,0.132,1531971,275892155,1532762,1838,381019
2021-01-12,United States,332915074,221812,23015704,6.913385964613907,0.128,2038406,277930561,1848521,4376,385395
2021-01-13,United States,332915074,229331,23245035,6.982271700920338,0.124,2119395,280049956,2119944,4013,389408
2021-01-14,United States,332915074,235578,23480613,7.053033891760635,0.121,2091598,282141554,2256107,3781,393189
2021-01-15,United States,332915074,244998,23725611,7.126625633058597,0.118,2051114,284192668,2377263,3824,397013
2021-01-16,United States,332915074,217689,23943300,7.192014381421491,0.116,1598563,285791231,2449446,3564,400577
2021-01-17,United States,332915074,176554,24119854,7.245047125742345,0.114,1077888,286869119,2491733,1992,402569
2021-01-18,United States,332915074,140828,24260682,7.2873486047075176,0.112,1296396,288165515,2720220,1568,404137
2021-01-19,United States,332915074,156895,24417577,7.334476239426755,0.11,1818773,289984288,3078807,2396,406533
2021-01-20,United States,332915074,187382,24604959,7.3907614648893905,0.107,2144922,292129210,3501383,4411,410944
2021-01-21,United States,332915074,192552,24797511,7.448599638957772,0.104,2069059,294198269,3777200,4110,415054
2021-01-22,United States,332915074,191775,24989286,7.506204420169932,0.101,1939337,296137606,3987736,3783,418837
2021-01-23,United States,332915074,178176,25167462,7.559724375832859,0.1,1555764,297693370,4139192,3537,422374
2021-01-24,United States,332915074,140146,25307608,7.601820997747912,0.098,1009117,298702487,4227839,1845,424219
2021-01-25,United States,332915074,129601,25437209,7.6407501451856765,0.097,1243601,299946088,4718919,1768,425987
2021-01-26,United States,332915074,151008,25588217,7.686109461057327,0.095,1795008,301741096,5302668,3975,429962
2021-01-27,United States,332915074,155456,25743673,7.73280485340835,0.093,2078900,303819996,5952950,4090,434052
2021-01-28,United States,332915074,166763,25910436,7.782896607439289,0.09,1920107,305740103,6512968,3815,437867
2021-01-29,United States,332915074,163743,26074179,7.832081223213101,0.089,1857683,307597786,7010642,3578,441445
2021-01-30,United States,332915074,150940,26225119,7.877420113455121,0.087,1448690,309046476,7253937,2875,444320
2021-01-31,United States,332915074,112859,26337978,7.911320350727044,0.086,952104,309998580,7381677,1949,446269
2021-02-01,United States,332915074,125315,26463293,7.948962082744261,0.084,1038989,311037569,7959068,1772,448041
2021-02-02,United States,332915074,117030,26580323,7.984115192092503,0.082,1641822,312679391,8660659,3530,451571
2021-02-03,United States,332915074,124372,26704695,8.021473668687047,0.08,1880098,314559489,9497756,3872,455443
2021-02-04,United States,332915074,125031,26829726,8.059030093662866,0.077,1940404,316499893,10413158,3893,459336
2021-02-05,United States,332915074,131112,26960838,8.0984131106061,0.075,1839996,318339889,11376460,3678,463014
2021-02-06,United States,332915074,116860,27077698,8.133515155880264,0.073,1339257,319679146,11799208,2736,465750
2021-02-07,United States,332915074,89429,27167127,8.16037756223679,0.073,831988,320511134,11956379,1469,467219
2021-02-08,United States,332915074,82799,27249926,8.18524846970432,0.071,1050850,321561984,12663460,1443,468662
2021-02-09,United States,332915074,95381,27345307,8.213898719407341,0.069,1702264,323264248,13561695,3038,471700
2021-02-10,United States,332915074,95283,27440590,8.242519532173542,0.067,1650085,324914333,14600401,3379,475079
2021-02-11,United States,332915074,106772,27547362,8.27459137521661,0.066,1425457,326339790,15692328,3168,478247
2021-02-12,United States,332915074,100582,27647944,8.304803885209475,0.065,1420162,327759952,16852575,2844,481091
2021-02-13,United States,332915074,90758,27738702,8.332065492474516,0.064,1105779,328865731,17425728,2272,483363
2021-02-14,United States,332915074,68308,27807010,8.352583638192364,0.062,666278,329532009,17656050,1158,484521
2021-02-15,United States,332915074,55448,27862458,8.369238936894758,0.061,804433,330336442,18192767,941,485462
2021-02-16,United States,332915074,59222,27921680,8.387027858041659,0.06,1257876,331594318,18982850,1633,487095
2021-02-17,United States,332915074,68845,27990525,8.407707306158207,0.059,1478632,333072950,19974760,2409,489504
2021-02-18,United States,332915074,72580,28063105,8.429508662019911,0.057,1421243,334494193,20951213,2579,492083
2021-02-19,United States,332915074,75158,28138263,8.452084389546146,0.054,1360605,335854798,22049121,2524,494607
2021-02-20,United States,332915074,73783,28212046,8.47424709882617,0.053,1062067,336916865,22731119,1918,496525
2021-02-21,United States,332915074,55265,28267311,8.490847428554707,0.053,685941,337602806,23056436,1212,497737
2021-02-22,United States,332915074,55483,28322794,8.507513240448823,0.053,1046363,338649169,23861623,1200,498937
2021-02-23,United States,332915074,73860,28396654,8.529699078750637,0.051,1652111,340301280,24891780,2272,501209
2021-02-24,United States,332915074,75025,28471679,8.552234856148328,0.05,1698046,341999326,26128883,3222,504431
2021-02-25,United States,332915074,77279,28548958,8.575447683092897,0.049,1619537,343618863,27474050,2416,506847
2021-02-26,United States,332915074,75420,28624378,8.59810210936859,0.049,1484526,345103389,28859354,2140,508987
2021-02-27,United States,332915074,71289,28695667,8.619515678644218,0.048,1079062,346182451,29678917,1514,510501
2021-02-28,United States,332915074,51764,28747431,8.635064388823679,0.047,636381,346818832,29975995,1090,511591
2021-03-01,United States,332915074,50440,28797871,8.650215399979155,0.046,1001301,347820133,30777406,1314,512905
2021-03-02,United States,332915074,58418,28856289,8.667762818093362,0.045,1619781,349439914,31742675,1917,514822
2021-03-03,United States,332915074,67051,28923340,8.687903390039947,0.044,1747109,351187023,32873259,2527,517349
2021-03-04,United States,332915074,68944,28992284,8.708612575470223,0.043,1561707,352748730,34121734,1926,519275
2021-03-05,United States,332915074,67879,29060163,8.729001859495254,0.042,1438903,354187633,35434616,1726,521001
2021-03-06,United States,332915074,61031,29121194,8.74733416246571,0.042,1069867,355257500,36302279,1514,522515
2021-03-07,United States,332915074,41611,29162805,8.759833145915165,0.042,612383,355869883,36650399,702,523217
2021-03-08,United States,332915074,44092,29206897,8.773077364469234,0.042,982572,356852455,37505722,707,523924
2021-03-09,United States,332915074,55503,29262400,8.789749183901478,0.041,1547278,358399733,38594723,1765,525689
2021-03-10,United States,332915074,57772,29320172,8.807102558534192,0.041,1622725,360022458,39870276,1540,527229
2021-03-11,United States,332915074,61792,29381964,8.825663448330369,0.041,1506205,361528663,41276548,1554,528783
2021-03-12,United States,332915074,62605,29444569,8.844468544551395,0.042,1404840,362933503,42808854,1419,530202
2021-03-13,United States,332915074,56820,29501389,8.861535960369281,0.042,1028284,363961787,43833724,975,531177
2021-03-14,United States,332915074,39274,29540663,8.873332962988632,0.042,580875,364542662,44263846,515,531692
2021-03-15,United States,332915074,51033,29591696,8.888662097649565,0.042,954485,365497147,45139740,703,532395
2021-03-16,United States,332915074,54067,29645763,8.904902575844313,0.043,1505148,367002295,46198600,1257,533652
2021-03-17,United States,332915074,59274,29705037,8.92270711659034,0.043,1623666,368625961,47336810,1193,534845
2021-03-18,United States,332915074,62390,29767427,8.941447631776505,0.044,1480279,370106240,48551429,1635,536480
2021-03-19,United States,332915074,61633,29829060,8.959960761644576,0.044,1349288,371455528,49780408,1026,537506
2021-03-20,United States,332915074,58867,29887927,8.977643048989725,0.044,991710,372447238,50643455,772,538278
2021-03-21,United States,332915074,35378,29923305,8.988269783182002,0.044,615515,373062753,51020594,712,538990
2021-03-22,United States,332915074,47424,29970729,9.002514857587975,0.044,979588,374042341,51832517,549,539539
2021-03-23,United States,332915074,52858,30023587,9.018392180102964,0.045,1535976,375578317,52991252,945,540484
2021-03-24,United States,332915074,87757,30111344,9.044752356272099,0.046,1663507,377241824,54421676,1461,541945
2021-03-25,United States,332915074,67627,30178971,9.065065945316734,0.047,1452844,378694668,56077150,1348,543293
2021-03-26,United States,332915074,76371,30255342,9.08800603003035,0.048,1378870,380073538,57884133,1155,544448
2021-03-27,United States,332915074,64055,30319397,9.107246672765559,0.049,1001099,381074637,59051677,807,545255
2021-03-28,United States,332915074,46320,30365717,9.12116013106694,0.05,624660,381699297,59604240,441,545696
2021-03-29,United States,332915074,65872,30431589,9.140946558640959,0.051,1012367,382711664,60885827,627,546323
2021-03-30,United States,332915074,61690,30493279,9.15947680999269,0.052,1536810,384248474,62554009,894,547217
2021-03-31,United States,332915074,69530,30562809,9.180362016290076,0.053,1585546,385834020,64499912,1068,548285
2021-04-01,United States,332915074,76856,30639665,9.203447783803265,0.053,1447364,387281384,66750905,1104,549389
2021-04-02,United States,332915074,74025,30713690,9.225683184294622,0.053,1348006,388629390,68572475,885,550274
2021-04-03,United States,332915074,64880,30778570,9.245171637977558,0.054,972595,389601985,69733743,754,551028
2021-04-04,United States,332915074,37922,30816492,9.256562531019547,0.054,565234,390167219,70106379,311,551339
2021-04-05,United States,332915074,67087,30883579,9.276713916534762,0.054,951862,391119081,71712532,459,551798
2021-04-06,United States,332915074,62826,30946405,9.295585396052088,0.054,1555936,392675017,73801060,828,552626
2021-04-07,United States,332915074,75777,31022182,9.318347056883342,0.055,1670488,394345505,76113150,2602,555228
2021-04-08,United States,332915074,80066,31102248,9.342397034265861,0.055,1519513,395865018,78637402,1008,556236
2021-04-09,United States,332915074,84753,31187001,9.36785487820837,0.055,1453884,397318902,81082478,908,557144
2021-04-10,United States,332915074,70535,31257536,9.389041963296622,0.055,1012696,398331598,82743284,756,557900
2021-04-11,United States,332915074,47456,31304992,9.403296649763597,0.055,645774,398977372,83546095,289,558189
2021-04-12,United States,332915074,62183,31367175,9.42197498693015,0.055,1057390,400034762,85277143,443,558632
2021-04-13,United States,332915074,80841,31448016,9.44625775641508,0.055,1614541,401649303,87002930,865,559497
2021-04-14,United States,332915074,75604,31523620,9.468967452041538,0.054,1677385,403326688,88936742,929,560426
2021-04-15,United States,332915074,73982,31597602,9.491189936325924,0.054,1486100,404812788,90895268,909,561335
2021-04-16,United States,332915074,83473,31681075,9.516263297828322,0.054,1457398,406270186,92831966,865,562200
2021-04-17,United States,332915074,55487,31736562,9.532930311230064,0.053,1009041,407279227,94016162,705,562905
2021-04-18,United States,332915074,43829,31780391,9.546095530657768,0.052,613253,407892480,94600658,350,563255
2021-04-19,United States,332915074,58546,31838937,9.563681397015984,0.052,1020764,408913244,96072125,487,563742
2021-04-20,United States,332915074,62440,31901377,9.582436931047464,0.051,1571665,410484909,97915476,842,564584
2021-04-21,United States,332915074,64347,31965724,9.601765283839326,0.05,1656095,412141004,99973514,884,565468
2021-04-22,United States,332915074,66719,32032443,9.621806130653008,0.049,1498688,413639692,102040409,937,566405
2021-04-23,United States,332915074,62895,32095338,9.640698336176872,0.048,1412278,415051970,103958504,752,567157
2021-04-24,United States,332915074,54972,32150310,9.657210655471852,0.047,995716,416047686,105153456,760,567917
2021-04-25,United States,332915074,34769,32185079,9.66765446012817,0.046,590799,416638485,105650695,303,568220
2021-04-26,United States,332915074,42287,32227366,9.680356498366308,0.046,999721,417638206,107092486,475,568695
2021-04-27,United States,332915074,52282,32279648,9.696060803783249,0.045,1575460,419213666,108893341,670,569365
2021-04-28,United States,332915074,55186,32334834,9.712637403736185,0.044,1581751,420795417,110869956,979,570344
2021-04-29,United States,332915074,58825,32393659,9.73030707525127,0.043,1422497,422217914,112861871,885,571229
2021-04-30,United States,332915074,58103,32451762,9.747759874639982,0.043,1316565,423534479,114725258,804,572033
2021-05-01,United States,332915074,48776,32500538,9.762411058623318,0.043,905330,424439809,115897882,747,572780
2021-05-02,United States,332915074,30556,32531094,9.771589375373251,0.042,523081,424962890,116484885,322,573102
2021-05-03,United States,332915074,44622,32575716,9.784992793687678,0.042,897997,425860887,117893141,476,573578
2021-05-04,United States,332915074,42895,32618611,9.797877461084866,0.041,1423923,427284810,119658409,880,574458
2021-05-05,United States,332915074,46043,32664654,9.811707714983191,0.04,1532287,428817097,121473498,816,575274
2021-05-06,United States,332915074,46179,32710833,9.825578820140779,0.039,1311617,430128714,123300725,797,576071
2021-05-07,United States,332915074,48415,32759248,9.840121568060928,0.038,1179388,431308102,125099241,757,576828
2021-05-08,United States,332915074,35655,32794903,9.85083150665626,0.037,853531,432161633,126192366,634,577462
2021-05-09,United States,332915074,22870,32817773,9.857701126504113,0.036,485309,432646942,126631467,257,577719
2021-05-10,United States,332915074,32376,32850149,9.867426129223574,0.035,860950,433507892,127809976,389,578108
2021-05-11,United States,332915074,35478,32885627,9.878082901106485,0.035,1337217,434845109,129265883,685,578793
2021-05-12,United States,332915074,36151,32921778,9.888941826647358,0.034,1345957,436191066,130708698,787,579580
2021-05-13,United States,332915074,38736,32960514,9.900577226491102,0.033,1196515,437387581,132121003,761,580341
2021-05-14,United States,332915074,42217,33002731,9.913258238345795,0.032,1087437,438475018,133562789,627,580968
2021-05-15,United States,332915074,30758,33033489,9.922497231230809,0.031,788765,439263783,134556938,529,581497
2021-05-16,United States,332915074,17692,33051181,9.927811499457666,0.031,454596,439718379,135043845,270,581767
2021-05-17,United States,332915074,25241,33076422,9.935393312950437,0.03,798998,440517377,136058334,393,582160
2021-05-18,United States,332915074,28915,33105337,9.944078711197077,0.03,1215431,441732808,137226847,777,582937
2021-05-19,United States,332915074,29605,33134942,9.95297136950909,0.029,1181358,442914166,138409431,666,583603
2021-05-20,United States,332915074,30217,33165159,9.962047858487777,0.029,1009511,443923677,139590740,683,584286
2021-05-21,United States,332915074,28825,33193984,9.970706222812849,0.028,986816,444910493,140800964,618,584904
2021-05-22,United States,332915074,21213,33215197,9.977078118126908,0.027,710186,445620679,141574707,488,585392
2021-05-23,United States,332915074,13784,33228981,9.98121851340381,0.027,409161,446029840,141922165,196,585588
2021-05-24,United States,332915074,21872,33250853,9.987788357099143,0.027,713247,446743087,142677502,434,586022
2021-05-25,United States,332915074,24590,33275443,9.995174625225891,0.026,1074832,447817919,143520268,649,586671
2021-05-26,United States,332915074,24596,33300039,10.002562695614078,0.025,1051806,448869725,144361022,992,587663
2021-05-27,United States,332915074,26842,33326881,10.010625412533889,0.025,928590,449798315,145163211,1356,589019
2021-05-28,United States,332915074,22242,33349123,10.017306395684564,0.024,839578,450637893,145953720,531,589550
2021-05-29,United States,332915074,13311,33362434,10.021304712684772,0.024,580063,451217956,146376051,344,589894
2021-05-30,United States,332915074,7354,33369788,10.023513684453953,0.023,360342,451578298,146581322,150,590044
2021-05-31,United States,332915074,6275,33376063,10.025398549541196,0.023,316450,451894748,146703679,172,590216
2021-06-01,United States,332915074,20853,33396916,10.031662309168974,0.023,709807,452604555,147492624,632,590848
2021-06-02,United States,332915074,16712,33413628,10.036682208027624,0.022,1110566,453715121,148177181,562,591410
2021-06-03,United States,332915074,18396,33432024,10.04220794159654,0.021,989620,454704741,149018866,635,592045
2021-06-04,United States,332915074,17865,33449889,10.047574175028194,0.02,870204,455574945,149981693,521,592566
2021-06-05,United States,332915074,15604,33465493,10.052261256274626,0.02,617084,456192029,150735890,584,593150
2021-06-06,United States,332915074,6016,33471509,10.054068323743131,0.019,368908,456560937,151099899,165,593315
2021-06-07,United States,332915074,14070,33485579,10.058294626815247,0.019,644938,457205875,151843366,316,593631
2021-06-08,United States,332915074,13039,33498618,10.062211241296932,0.018,886195,458092070,152664641,319,593950
2021-06-09,United States,332915074,18565,33517183,10.067787738563018,0.018,867871,458959941,153489758,484,594434
2021-06-10,United States,332915074,14781,33531964,10.072227609615538,0.018,785090,459745031,154308843,414,594848
2021-06-11,United States,332915074,25151,33557115,10.07978238918674,0.018,764643,460509674,155166446,533,595381
2021-06-12,United States,332915074,9160,33566275,10.082533841648758,0.018,557626,461067300,155810454,276,595657
2021-06-13,United States,332915074,5270,33571545,10.084116827945136,0.018,345639,461412939,156108056,107,595764
2021-06-14,United States,332915074,11786,33583331,10.087657070163186,0.017,598065,462011004,156730841,184,595948
2021-06-15,United States,332915074,10729,33594060,10.090879813991242,0.017,832220,462843224,157394122,328,596276
2021-06-16,United States,332915074,11908,33605968,10.094456702191863,0.017,793332,463636556,158026946,381,596657
2021-06-17,United States,332915074,11763,33617731,10.097990035741066,0.017,725449,464362005,158620198,296,596953
2021-06-18,United States,332915074,21182,33638913,10.10435261937103,0.018,694037,465056042,159220170,606,597559
2021-06-19,United States,332915074,9053,33647966,10.10707193150407,0.018,496997,465553039,159590568,177,597736
2021-06-20,United States,332915074,4956,33652922,10.10856059945186,0.018,333456,465886495,159766855,75,597811
2021-06-21,United States,332915074,10554,33663476,10.111730777321306,0.018,571083,466457578,160061702,259,598070
2021-06-22,United States,332915074,10796,33674272,10.114973646402085,0.019,782733,467240311,160531748,346,598416
2021-06-23,United States,332915074,12665,33686937,10.118777919920802,0.019,764691,468005002,160974984,400,598816
2021-06-24,United States,332915074,14476,33701413,10.123126176016891,0.019,694888,468699890,161394390,342,599158
2021-06-25,United States,332915074,24603,33726016,10.13051634904342,0.02,673573,469373463,161848790,527,599685
2021-06-26,United States,332915074,9370,33735386,10.133330880655768,0.02,492784,469866247,162144570,157,599842
2021-06-27,United States,332915074,4622,33740008,10.134719222716843,0.021,339037,470205284,162295392,75,599917
2021-06-28,United States,332915074,13584,33753592,10.13879954261248,0.021,552836,470758120,162601662,146,600063
2021-06-29,United States,332915074,7477,33761069,10.141045460741138,0.022,697688,471455808,162960765,337,600400
2021-06-30,United States,332915074,15351,33776420,10.145656546630267,0.024,678032,472133840,163313161,303,600703
2021-07-01,United States,332915074,15120,33791540,10.150198245454034,0.025,642441,472776281,163649348,284,600987
2021-07-02,United States,332915074,29757,33821297,10.159136561055808,0.026,599916,473376197,163992011,436,601423
2021-07-03,United States,332915074,5414,33826711,10.1607628016267,0.027,446662,473822859,164181202,94,601517
2021-07-04,United States,332915074,4285,33830996,10.162049916670341,0.028,260228,474083087,164208618,41,601558
2021-07-05,United States,332915074,8902,33839898,10.164723871890523,0.029,306973,474390060,164417742,115,601673
2021-07-06,United States,332915074,22282,33862180,10.171416870117453,0.031,591637,474981697,164756399,301,601974
2021-07-07,United States,332915074,20176,33882356,10.177477274579642,0.033,778226,475759923,165078008,328,602302
2021-07-08,United States,332915074,20865,33903221,10.183744638730296,0.035,725361,476485284,165391517,246,602548
2021-07-09,United States,332915074,47592,33950813,10.198040176456534,0.037,665586,477150870,165737437,469,603017
2021-07-10,United States,332915074,10119,33960932,10.201079690371726,0.039,487982,477638852,165944710,87,603104
2021-07-11,United States,332915074,11747,33972679,10.204608217890428,0.041,341991,477980843,166053044,119,603223
2021-07-12,United States,332915074,29423,34002102,10.213446207605486,0.043,588229,478569072,166327580,229,603452
2021-07-13,United States,332915074,26531,34028633,10.221415507307428,0.045,739158,479308230,166599541,359,603811
2021-07-14,United States,332915074,31125,34059758,10.230764738517067,0.048,759674,480067904,166872483,328,604139
2021-07-15,United States,332915074,31961,34091719,10.2403650848204,0.051,768468,480836372,167141448,353,604492
2021-07-16,United States,332915074,78109,34169828,10.263827224597225,0.054,725228,481561600,167445217,454,604946
2021-07-17,United States,332915074,14102,34183930,10.268063139730344,0.056,526449,482088049,167634744,79,605025
2021-07-18,United States,332915074,20329,34204259,10.274169501859204,0.058,396905,482484954,167740547,87,605112
2021-07-19,United States,332915074,48843,34253102,10.288840811095264,0.061,659099,483144053,167993221,191,605303
2021-07-20,United States,332915074,39726,34292828,10.30077358407628,0.064,901117,484045170,168249815,289,605592
2021-07-21,United States,332915074,47736,34340564,10.315112376077028,0.068,928371,484973541,168517638,362,605954
2021-07-22,United States,332915074,56526,34397090,10.332091481084452,0.071,916746,485890287,168775937,285,606239
2021-07-23,United States,332915074,120802,34517892,10.368377612123385,0.074,881724,486772011,169064122,557,606796
2021-07-24,United States,332915074,28744,34546636,10.377011645919044,0.077,654147,487426158,169238848,131,606927
2021-07-25,United States,332915074,27972,34574608,10.385413788743012,0.079,492039,487918197,169302103,99,607026
2021-07-26,United States,332915074,79372,34653980,10.409255304552536,0.083,785298,488703495,169523703,259,607285
2021-07-27,United States,332915074,65003,34718983,10.428780704594951,0.086,1035777,489739272,169775930,451,607736
2021-07-28,United States,332915074,73577,34792560,10.45088153623227,0.09,1107763,490847035,170035712,373,608109
2021-07-29,United States,332915074,72545,34865105,10.472672378902253,0.093,1110879,491957914,170289619,320,608429
2021-07-30,United States,332915074,191445,35056550,10.530178035735323,0.096,1049138,493007052,170583165,884,609313
2021-07-31,United States,332915074,43891,35100441,10.54336187853122,0.098,766076,493773128,170764035,168,609481
2021-08-01,United States,332915074,44569,35145010,10.55674937686961,0.1,568409,494341537,170864151,222,609703
2021-08-02,United States,332915074,108363,35253373,10.589299119570656,0.101,967462,495308999,171103681,346,610049
2021-08-03,United States,332915074,97755,35351128,10.618662464049315,0.102,1266551,496575550,171358184,580,610629
2021-08-04,United States,332915074,102447,35453575,10.64943517697249,0.103,1322642,497898192,171614433,544,611173
2021-08-05,United States,332915074,109687,35563262,10.682382618697524,0.103,1382295,499280487,171879920,516,611689
2021-08-06,United States,332915074,251896,35815158,10.758046359895376,0.103,1337942,500618429,172192563,1135,612824
2021-08-07,United States,332915074,63005,35878163,10.776971606878936,0.103,1006238,501624667,172383096,260,613084
2021-08-08,United States,332915074,34876,35913039,10.787447551864233,0.103,716076,502340743,172501169,125,613209
2021-08-09,United States,332915074,159787,36072826,10.835443876596589,0.104,1134047,503474790,172788869,523,613732
2021-08-10,United States,332915074,117803,36190629,10.870829177293425,0.105,1440107,504914897,173085309,837,614569
2021-08-11,United States,332915074,154452,36345081,10.91722299123049,0.105,1532852,506447749,173382166,793,615362
2021-08-12,United States,332915074,144086,36489167,10.960503098156499,0.106,1533427,507981176,173697113,1028,616390
2021-08-13,United States,332915074,226805,36715972,11.02863008239753,0.105,1530935,509512111,174087606,1054,617444
2021-08-14,United States,332915074,73067,36789039,11.05057772181262,0.105,1129269,510641380,174330837,266,617710
2021-08-15,United States,332915074,46788,36835827,11.064631756506166,0.105,795487,511436867,174492904,204,617914
2021-08-16,United States,332915074,194355,37030182,11.123011510136667,0.105,1281755,512718622,174847957,1027,618941
2021-08-17,United States,332915074,150592,37180774,11.168245869215282,0.104,1608727,514327349,175212805,1018,619959
2021-08-18,United States,332915074,167603,37348377,11.218589939847542,0.104,1706428,516033777,175593059,1206,621165
2021-08-19,United States,332915074,155221,37503598,11.265214743625577,0.103,1653350,517687127,175975393,1778,622943
2021-08-20,United States,332915074,239075,37742673,11.337027352507324,0.103,1546036,519233163,176455091,1458,624401
2021-08-21,United States,332915074,92196,37834869,11.364720901763674,0.103,1177318,520410481,176753176,564,624965
2021-08-22,United States,332915074,44203,37879072,11.377998462154345,0.103,840229,521250710,176933380,211,625176
2021-08-23,United States,332915074,208225,38087297,11.440544443475696,0.104,1322982,522573692,177339418,1330,626506
2021-08-24,United States,332915074,154462,38241759,11.486941261181823,0.103,1812754,524386446,177755444,1423,627929
2021-08-25,United States,332915074,178982,38420741,11.540703320631255,0.103,1956630,526343076,178179299,1542,629471
2021-08-26,United States,332915074,183771,38604512,11.59590388508512,0.102,1964164,528307240,178613155,2210,631681
2021-08-27,United States,332915074,238673,38843185,11.667595742450521,0.1,1895153,530202393,179154442,1744,633425
2021-08-28,United States,332915074,78889,38922074,11.691292176214285,0.099,1438537,531640930,179496044,645,634070
2021-08-29,United States,332915074,52013,38974087,11.706915680243425,0.098,984965,532625895,179702032,314,634384
2021-08-30,United States,332915074,229214,39203301,11.775766272451813,0.097,1459490,534085385,180137605,1711,636095
2021-08-31,United States,332915074,179961,39383262,11.829822400892546,0.097,1974608,536059993,180564355,1440,637535
2021-09-01,United States,332915074,190518,39573780,11.887049608333445,0.095,2040783,538100776,180974553,2040,639575
2021-09-02,United States,332915074,179136,39752916,11.940857925826451,0.094,1972514,540073290,181376630,3009,642584
2021-09-03,United States,332915074,235445,39988361,12.01158016653821,0.094,1870346,541943636,181867716,1936,644520
2021-09-04,United States,332915074,85909,40074270,12.037385246184437,0.094,1363014,543306650,182145831,643,645163
2021-09-05,United States,332915074,63505,40137775,12.056460681621163,0.094,994089,544300739,182319609,416,645579
2021-09-06,United States,332915074,93742,40231517,12.084618613574705,0.093,825334,545126073,182407098,626,646205
2021-09-07,United States,332915074,209171,40440688,12.147448751449447,0.094,1407122,546533195,182887923,2076,648281
2021-09-08,United States,332915074,176927,40617615,12.200593536356362,0.093,2047291,548580486,183290557,2313,650594
2021-09-09,United States,332915074,166419,40784034,12.250581960731523,0.092,2071489,550651975,183688879,3229,653823
2021-09-10,United States,332915074,242012,41026046,12.323276776587171,0.09,2069862,552721837,184189861,2464,656287
2021-09-11,United States,332915074,89131,41115177,12.350049670625609,0.089,1535933,554257770,184491713,835,657122
2021-09-12,United States,332915074,48350,41163527,12.364572894046846,0.088,987814,555245584,184666360,371,657493
2021-09-13,United States,332915074,210779,41374306,12.427886037986974,0.087,1494135,556739719,185051267,2166,659659
2021-09-14,United States,332915074,145406,41519712,12.471562642429342,0.084,1891654,558631373,185430568,1914,661573
2021-09-15,United States,332915074,173253,41692965,12.523603842582387,0.083,2131251,560762624,185821339,2744,664317
2021-09-16,United States,332915074,158779,41851744,12.571297387393157,0.081,2017887,562780511,186214974,3474,667791
2021-09-17,United States,332915074,210863,42062607,12.634635762993419,0.08,1923222,564703733,186698559,2459,670250
2021-09-18,United States,332915074,74972,42137579,12.657155620415072,0.079,1397574,566101307,186975413,992,671242
2021-09-19,United States,332915074,44872,42182451,12.670634132956081,0.078,962578,567063885,187143743,392,671634
2021-09-20,United States,332915074,171802,42354253,12.722239486218037,0.077,1391283,568455168,187502212,2308,673942
2021-09-21,United States,332915074,121739,42475992,12.758807070418204,0.074,1931460,570386628,187848534,2451,676393
2021-09-22,United States,332915074,131353,42607345,12.798262478195866,0.073,2069258,572455886,188186036,2690,679083
2021-09-23,United States,332915074,129168,42736513,12.837061562433187,0.071,2001888,574457774,188516279,3308,682391
2021-09-24,United States,332915074,174766,42911279,12.889557232845517,0.07,1921274,576379048,188931705,2478,684869
2021-09-25,United States,332915074,60495,42971774,12.907728533794177,0.069,1357140,577736188,189161490,840,685709
2021-09-26,United States,332915074,54317,43026091,12.92404410621551,0.068,880613,578616801,189307850,572,686281
2021-09-27,United States,332915074,155947,43182038,12.970886983627542,0.067,1233680,579850481,189531934,2266,688547
2021-09-28,United States,332915074,112752,43294790,13.004755080570488,0.067,1881567,581732048,189836746,2514,691061
2021-09-29,United States,332915074,121389,43416179,13.04121753285344,0.066,2019970,583752018,190149430,2627,693688
2021-09-30,United States,332915074,110386,43526565,13.074374938035998,0.065,1940465,585692483,190471729,2814,696502
2021-10-01,United States,332915074,154830,43681395,13.120882294443659,0.064,1832466,587524949,190854002,2153,698655
2021-10-02,United States,332915074,48204,43729599,13.13536166283657,0.064,1323551,588848500,191062028,836,699491
2021-10-03,United States,332915074,44777,43774376,13.148811639571479,0.063,805826,589654326,191193124,529,700020
2021-10-04,United States,332915074,142914,43917290,13.191739704763265,0.062,1278425,590932751,191451030,1925,701945
2021-10-05,United States,332915074,95232,44012522,13.220345198307243,0.061,1851416,592784167,191708775,1879,703824
2021-10-06,United States,332915074,112174,44124696,13.254039677398326,0.06,1985022,594769189,191968574,2659,706483
2021-10-07,United States,332915074,101528,44226224,13.28453634394458,0.059,1910210,596679399,192229655,2483,708966
2021-10-08,United States,332915074,131415,44357639,13.324010375090436,0.059,1792917,598472316,192545165,1812,710778
2021-10-09,United States,332915074,38829,44396468,13.33567370998647,0.058,1240567,599712883,192714210,436,711214
2021-10-10,United States,332915074,39670,44436138,13.34758966186073,0.058,728710,600441593,192820069,477,711691
2021-10-11,United States,332915074,96065,44532203,13.376445369367683,0.058,1159777,601601370,193042182,1183,712874
2021-10-12,United States,332915074,110606,44642809,13.40966885746964,0.058,1664739,603266109,193277294,2290,715164
2021-10-13,United States,332915074,108462,44751271,13.442248337484411,0.057,1867556,605133665,193507263,3211,718375
2021-10-14,United States,332915074,86946,44838217,13.468364907982508,0.056,1885643,607019308,193737286,2171,720546
2021-10-15,United States,332915074,109483,44947700,13.501251072818649,0.055,1722754,608742062,194016236,1814,722360
2021-10-16,United States,332915074,39784,44987484,13.513201267660232,0.054,1201599,609943661,194161530,565,722925
2021-10-17,United States,332915074,31658,45019142,13.522710599760948,0.053,701668,610645329,194246232,462,723387
2021-10-18,United States,332915074,98951,45118093,13.552433195019582,0.052,1235836,611881165,194458277,1779,725166
2021-10-19,United States,332915074,81917,45200010,13.577039170055723,0.051,1725048,613606213,194651394,1959,727125
2021-10-20,United States,332915074,91620,45291630,13.604559702214026,0.05,1890943,615497156,194846331,3179,730304
2021-10-21,United States,332915074,78084,45369714,13.628014332568192,0.05,1847046,617344202,195043801,2007,732311
2021-10-22,United States,332915074,95952,45465666,13.656836097484728,0.05,1623711,618967913,195289829,1860,734171
2021-10-23,United States,332915074,32419,45498085,13.666574016411165,0.05,1108457,620076370,195423403,549,734720
2021-10-24,United States,332915074,19171,45517256,13.672332542082488,0.05,636332,620712702,195503722,258,734978
2021-10-25,United States,332915074,112572,45629828,13.706146571182295,0.05,1160013,621872715,195707492,1476,736454
2021-10-26,United States,332915074,66657,45696485,13.726168794627785,0.05,1688017,623560732,195908878,1582,738036
2021-10-27,United States,332915074,102563,45799048,13.756976351272096,0.05,1809208,625369940,196115430,2059,740095
2021-10-28,United States,332915074,75096,45874144,13.779533455430137,0.05,1699123,627069063,196324351,1848,741943
2021-10-29,United States,332915074,95106,45969250,13.808101101483919,0.05,1561803,628630866,196562133,1719,743662
2021-10-30,United States,332915074,34293,46003543,13.81840192673282,0.05,1059250,629690116,196681019,381,744043
2021-10-31,United States,332915074,32325,46035868,13.828111610230062,0.05,616906,630307022,196751468,234,744277
2021-11-01,United States,332915074,113253,46149121,13.862130196003081,0.05,1061354,631368376,196946225,1279,745556
2021-11-02,United States,332915074,68748,46217869,13.882780507559714,0.051,1644550,633012926,197133616,1283,746839
2021-11-03,United States,332915074,85593,46303462,13.908490668103541,0.051,1898850,634911776,197324790,1962,748801
2021-11-04,United States,332915074,81437,46384899,13.932952462224646,0.052,1758350,636670126,197519034,1216,750017
2021-11-05,United States,332915074,96858,46481757,13.962046368618322,0.052,1595635,638265761,197747778,2123,752140
2021-11-06,United States,332915074,34862,46516619,13.97251810832693,0.053,1115819,639381580,197865187,473,752613
2021-11-07,United States,332915074,36828,46553447,13.98358038903339,0.053,834404,640215984,197935519,205,752818
2021-11-08,United States,332915074,110747,46664194,14.016846230279137,0.053,1235562,641451546,198107851,1257,754075
2021-11-09,United States,332915074,78361,46742555,14.040384065036356,0.054,1854437,643305983,198272832,1435,755510
2021-11-10,United States,332915074,95070,46837625,14.06894089752151,0.055,1814351,645120334,198442141,1684,757194
2021-11-11,United States,332915074,57644,46895269,14.086255823910216,0.056,1720800,646841134,198594657,882,758076
2021-11-12,United States,332915074,143510,47038779,14.129362913738175,0.058,1478353,648319487,198792915,2454,760530
2021-11-13,United States,332915074,43952,47082731,14.142565079525356,0.058,1110348,649429835,198895388,571,761101
2021-11-14,United States,332915074,31912,47114643,14.152150707360281,0.059,775024,650204859,198955868,201,761302
2021-11-15,United States,332915074,134034,47248677,14.192411425623822,0.06,1249603,651454462,199122072,1304,762606
2021-11-16,United States,332915074,87270,47335947,14.21862531823957,0.06,1839916,653294378,199288065,1334,763940
2021-11-17,United States,332915074,112847,47448794,14.252521950988617,0.061,1947196,655241574,199459499,1648,765588
2021-11-18,United States,332915074,109828,47558622,14.285511745857443,0.061,1878698,657120272,199629619,1356,766944
2021-11-19,United States,332915074,126876,47685498,14.323622366225447,0.061,1653873,658774145,199823610,1791,768735
2021-11-20,United States,332915074,45360,47730858,14.337247462696748,0.062,1134893,659909038,199923820,457,769192
2021-11-21,United States,332915074,39832,47770690,14.349212075629836,0.063,759740,660668778,199983844,220,769412
2021-11-22,United States,332915074,144613,47915303,14.392650481185482,0.063,1153613,661822391,200154315,1268,770680
2021-11-23,United States,332915074,91345,48006648,14.42008840969454,0.065,1624371,663446762,200318638,1378,772058
2021-11-24,United States,332915074,111580,48118228,14.453604464903263,0.066,1655561,665102323,200472100,1712,773770
2021-11-25,United States,332915074,39319,48157547,14.465414984483399,0.069,754967,665857290,200477338,480,774250
2021-11-26,United States,332915074,53421,48210968,14.481461419196656,0.072,763151,666620441,200653638,372,774622
2021-11-27,United States,332915074,26539,48237507,14.48943312191385,0.075,904852,667525293,200852544,314,774936
2021-11-28,United States,332915074,43149,48280656,14.502394085045244,0.075,817652,668342945,201000337,247,775183
2021-11-29,United States,332915074,186293,48466949,14.558352200056884,0.076,1348375,669691320,201360655,1935,777118
2021-11-30,United States,332915074,117107,48584056,14.593528438426912,0.078,1864679,671555999,201751166,1652,778770
2021-12-01,United States,332915074,137114,48721170,14.634714317561961,0.079,1945648,673501647,202159706,2060,780830
2021-12-02,United States,332915074,138852,48860022,14.676422251760219,0.076,2027370,675529017,202552875,3909,784739
2021-12-03,United States,332915074,158613,49018635,14.724065934004537,0.074,1921305,677450322,203043663,1582,786321
2021-12-04,United States,332915074,66342,49084977,14.743993538724535,0.073,1361443,678811765,203496668,681,787002
2021-12-05,United States,332915074,55184,49140161,14.760569537923656,0.074,814786,679626551,203686461,388,787390
2021-12-06,United States,332915074,177687,49317848,14.813942609279387,0.074,1273533,680900084,204011330,1415,788805
2021-12-07,United States,332915074,113259,49431107,14.847962997313843,0.073,1928087,682828171,204353223,1577,790382
2021-12-08,United States,332915074,149911,49581018,14.892992799719245,0.072,2035048,684863219,204705142,1826,792208
2021-12-09,United States,332915074,124529,49705547,14.930398435488085,0.072,1904190,686767409,205044581,1574,793782
2021-12-10,United States,332915074,158208,49863755,14.97792046508534,0.071,1844109,688611518,205441936,1804,795586
2021-12-11,United States,332915074,56588,49920343,14.994918193460954,0.071,1300370,689911888,205778883,615,796201
2021-12-12,United States,332915074,52307,49972650,15.010630008300554,0.071,806615,690718503,205908574,354,796555
2021-12-13,United States,332915074,185485,50158135,15.066345418771876,0.072,1343819,692062322,206186641,1409,797964
2021-12-14,United States,332915074,115037,50273172,15.100899876945794,0.074,1956473,694018795,206472427,1556,799520
2021-12-15,United States,332915074,143628,50416800,15.144042411248702,0.077,2104863,696123658,206732424,2257,801777
2021-12-16,United States,332915074,141732,50558532,15.1866154309372,0.081,2081050,698204708,206901419,1305,803082
2021-12-17,United States,332915074,192655,50751187,15.244484543826934,0.085,1983604,700188312,207152991,1858,804940
2021-12-18,United States,332915074,79761,50830948,15.268442906253021,0.09,1478185,701666497,207315764,660,805600
2021-12-19,United States,332915074,89199,50920147,15.295236225921089,0.093,1036842,702703339,207397577,299,805899
2021-12-20,United States,332915074,240042,51160189,15.36733929927126,0.1,1550932,704254271,207623501,1581,807480
2021-12-21,United States,332915074,179413,51339602,15.421230821167322,0.111,2187482,706441753,207865197,1971,809451
2021-12-22,United States,332915074,243740,51583342,15.494444688317117,0.123,2392853,708834606,208103169,4199,813650
2021-12-23,United States,332915074,269760,51853102,15.575474362569716,0.136,2385720,711220326,208280350,1401,815051
2021-12-24,United States,332915074,248520,52101622,15.650124031331785,0.149,1777029,712997355,208336903,707,815758
2021-12-25,United States,332915074,86653,52188275,15.676152591396328,0.157,945213,713942568,208337844,231,815989
2021-12-26,United States,332915074,178385,52366660,15.729735325832678,0.166,965272,714907840,208421329,349,816338
2021-12-27,United States,332915074,500565,52867225,15.880093491951644,0.182,1707443,716615283,208650704,1796,818134
2021-12-28,United States,332915074,362034,53229259,15.988840144859287,0.203,2299587,718914870,208891594,2346,820480
2021-12-29,United States,332915074,502113,53731372,16.13966329442926,0.225,2326982,721241852,209127683,2360,822840
2021-12-30,United States,332915074,590693,54322065,16.317093830362275,0.247,2353135,723594987,209340964,1498,824338
2021-12-31,United States,332915074,513619,54835684,16.471373116616522,0.261,2014453,725609440,209433768,734,825072
2022-01-01,United States,332915074,188759,55024443,16.52807196107918,0.269,1259156,726868596,209450148,392,825464
2022-01-02,United States,332915074,285952,55310395,16.613965338199137,0.275,1343063,728211659,209540608,381,825845
2022-01-03,United States,332915074,1044958,56355353,16.927846589487864,0.281,2251773,730463432,209736917,1844,827689
2022-01-04,United States,332915074,812226,57167579,17.17182052261172,0.287,2942902,733406334,209950541,2322,830011
2022-01-05,United States,332915074,662608,57830187,17.370852663763735,0.291,3195957,736602291,210162707,2200,832211
2022-01-06,United States,332915074,835030,58665217,17.621676391859626,0.292,3175961,739778252,210374548,2082,834293
2022-01-07,United States,332915074,869757,59534974,17.88293130878177,0.292,2911341,742689593,210619023,2412,836705
2022-01-08,United States,332915074,397688,59932662,18.002387599907838,0.291,2196184,744885777,210793734,839,837544
2022-01-09,United States,332915074,485028,60417690,18.1480788100331,0.291,1653709,746539486,210868575,590,838134
2022-01-10,United States,332915074,1383917,61801607,18.563775517115815,0.29,2134233,748673719,211058425,2014,840148
2022-01-11,United States,332915074,787380,62588987,18.800286285624903,0.288,2688710,751362429,211259403,2518,842666
2022-01-12,United States,332915074,848634,63437621,19.055196341154563,0.284,2929859,754292288,211459041,2828,845494
2022-01-13,United States,332915074,861341,64298962,19.313923286033003,0.28,3021385,757313673,211647286,2532,848026
2022-01-14,United States,332915074,880067,65179029,19.57827508885945,0.276,2824807,760138480,211821657,2765,850791
2022-01-15,United States,332915074,408325,65587354,19.700926489138187,0.273,2062972,762201452,211909196,998,851789
2022-01-16,United States,332915074,479802,66067156,19.845047929550947,0.272,1373108,763574560,211967159,741,852530
2022-01-17,United States,332915074,675147,66742303,20.047846496731474,0.271,1735843,765310403,212107710,1025,853555
2022-01-18,United States,332915074,1129519,67871822,20.387127919596697,0.269,2593211,767903614,212295742,2686,856241
2022-01-19,United States,332915074,908134,68779956,20.659910401053214,0.265,2956991,770860605,212481805,3507,859748
2022-01-20,United States,332915074,732615,69512571,20.87997102828693,0.261,2792050,773652655,212657799,2938,862686
2022-01-21,United States,332915074,841100,70353671,21.13261804420427,0.258,2476526,776129181,212818577,3387,866073
2022-01-22,United States,332915074,302516,70656187,21.22348686440074,0.256,1747989,777877170,212901281,998,867071
2022-01-23,United States,332915074,365447,71021634,21.333258703689697,0.254,1144756,779021926,212965426,709,867780
2022-01-24,United States,332915074,922167,71943801,21.610256374272797,0.248,1561365,780583291,213125305,2165,869945
2022-01-25,United States,332915074,493096,72436897,21.758371025278358,0.241,1944425,782527716,213300320,3215,873160
2022-01-26,United States,332915074,624072,73060969,21.945827841967887,0.233,2088583,784616299,213478695,3855,877015
2022-01-27,United States,332915074,506271,73567240,22.097899958714397,0.223,2043571,786659870,213653153,2630,879645
2022-01-28,United States,332915074,614080,74181320,22.28235540935584,0.214,1885565,788545435,213862543,4119,883764
2022-01-29,United States,332915074,178626,74359946,22.33601053462662,0.207,1224996,789770431,213974523,1186,884950
2022-01-30,United States,332915074,197964,74557910,22.395474348512074,0.202,763135,790533566,214041670,471,885421
2022-01-31,United States,332915074,542249,75100159,22.55835342559466,0.194,1246873,791780439,214199629,2622,888043
2022-02-01,United States,332915074,325413,75425572,22.65609997581545,0.183,1772202,793552641,214358669,3382,891425
2022-02-02,United States,332915074,329541,75755113,22.755086481905593,0.171,1891466,795444107,214512611,3593,895018
2022-02-03,United States,332915074,274814,76029927,22.8376342610428,0.162,1600224,797044331,214651948,2475,897493
2022-02-04,United States,332915074,354970,76384897,22.944259051484103,0.152,1482469,798526800,214835524,4105,901598
2022-02-05,United States,332915074,86431,76471328,22.970220927875438,0.145,1118164,799644964,214968107,902,902500
2022-02-06,United States,332915074,83478,76554806,22.995295791262368,0.14,632835,800277799,215028764,458,902958
2022-02-07,United States,332915074,346439,76901245,23.099358066315737,0.132,1250779,801528578,215160304,3066,906024
2022-02-08,United States,332915074,214371,77115616,23.163750164103412,0.122,1647038,803175616,215305288,2997,909021
2022-02-09,United States,332915074,188410,77304026,23.22034417702576,0.114,1561591,804737207,215450091,3443,912464
2022-02-10,United States,332915074,171414,77475440,23.271832984048057,0.106,1469809,806207016,215589271,3280,915744
2022-02-11,United States,332915074,209317,77684757,23.334706976951125,0.099,1405175,807612191,215762180,2706,918450
2022-02-12,United States,332915074,51867,77736624,23.350286625951938,0.094,887509,808499700,215864106,814,919264
2022-02-13,United States,332915074,58320,77794944,23.367804607129326,0.09,499620,808999320,215909974,572,919836
2022-02-14,United States,332915074,170181,77965125,23.418923049426112,0.084,984534,809983854,216006746,3203,923039
2022-02-15,United States,332915074,111170,78076295,23.452315950103237,0.078,1579157,811563011,216121398,2611,925650
2022-02-16,United States,332915074,114817,78191112,23.486804325357763,0.072,1640602,813203613,216237239,3188,928838
2022-02-17,United States,332915074,101690,78292802,23.517349652962846,0.067,1519364,814722977,216346073,2957,931795
2022-02-18,United States,332915074,145171,78437973,23.560955668832225,0.063,1367450,816090427,216487870,2503,934298
2022-02-19,United States,332915074,31406,78469379,23.570389305952546,0.059,898802,816989229,216565936,683,934981
2022-02-20,United States,332915074,23005,78492384,23.577299476682754,0.057,459229,817448458,216607897,438,935419
2022-02-21,United States,332915074,82889,78575273,23.602197418071853,0.056,715904,818164362,216695426,918,936337
2022-02-22,United States,332915074,89336,78664609,23.629031889376087,0.053,1221577,819385939,216790842,2173,938510
2022-02-23,United States,332915074,85138,78749747,23.654605378427533,0.051,1377309,820763248,216882562,3116,941626
2022-02-24,United States,332915074,67073,78816820,23.674752558666057,0.049,1235373,821998621,216966794,2969,944595
2022-02-25,United States,332915074,74371,78891191,23.697091889567005,0.046,1131029,823129650,217070409,2083,946678
2022-02-26,United States,332915074,47414,78938605,23.711333960203916,0.045,702389,823832039,217134402,761,947439
2022-02-27,United States,332915074,18220,78956825,23.716806827437317,0.043,423423,824255462,217166105,223,947662
2022-02-28,United States,332915074,98917,79055742,23.746519209881136,0.041,895140,825150602,217245515,2152,949814
2022-03-01,United States,332915074,46708,79102450,23.760549214422173,0.038,1275827,826426429,217317148,1786,951600
2022-03-02,United States,332915074,53402,79155852,23.776589941974212,0.035,1244016,827670445,217387609,2094,953694
2022-03-03,United States,332915074,48610,79204462,23.791191263391095,0.033,1207409,828877854,217455948,1716,955410
2022-03-04,United States,332915074,51257,79255719,23.806587682479048,0.031,1069228,829947082,217543356,1736,957146
2022-03-05,United States,332915074,14919,79270638,23.81106900554464,0.03,667854,830614936,217594465,306,957452
2022-03-06,United States,332915074,12394,79283032,23.81479187692174,0.029,355400,830970336,217618595,212,957664
2022-03-07,United States,332915074,64082,79347114,23.83404062983342,0.028,792351,831762687,217672534,1708,959372
2022-03-08,United States,332915074,29754,79376868,23.842978044304477,0.027,1207815,832970502,217730358,1419,960791
2022-03-09,United States,332915074,37699,79414567,23.854301953296353,0.025,1138125,834108627,217788558,2027,962818
2022-03-10,United States,332915074,46579,79461146,23.868293209216475,0.025,1013387,835122014,217847104,1774,964592
2022-03-11,United States,332915074,49705,79510851,23.883223443345795,0.024,1000520,836122534,217919792,1657,966249
2022-03-12,United States,332915074,10217,79521068,23.886292394197806,0.023,632933,836755467,217960494,275,966524
2022-03-13,United States,332915074,11050,79532118,23.889611559012796,0.022,351865,837107332,217981135,192,966716
2022-03-14,United States,332915074,35384,79567502,23.90024009546651,0.022,794152,837901484,218031541,1326,968042
2022-03-15,United States,332915074,24375,79591877,23.907561782558396,0.022,1224943,839126427,218083553,1088,969130
2022-03-16,United States,332915074,46129,79638006,23.921417868870666,0.021,1196617,840323044,218135066,1848,970978
2022-03-17,United States,332915074,53173,79691179,23.93738981011115,0.021,1102224,841425268,218182590,1511,972489
2022-03-18,United States,332915074,31357,79722536,23.94680872876306,0.021,1009359,842434627,218243326,814,973303
2022-03-19,United States,332915074,10879,79733415,23.950076529127067,0.021,611700,843046327,218279746,284,973587
2022-03-20,United States,332915074,11451,79744866,23.953516145081494,0.021,353717,843400044,218297381,87,973674
2022-03-21,United States,332915074,42270,79787136,23.966213076912222,0.022,777372,844177416,218340552,1533,975207
2022-03-22,United States,332915074,24562,79811698,23.973590934485593,0.022,1140224,845317640,218383297,566,975773
2022-03-23,United States,332915074,41011,79852709,23.985909691791246,0.022,1102905,846420545,218428897,1649,977422
2022-03-24,United States,332915074,42996,79895705,23.998824697255973,0.023,986364,847406909,218471201,864,978286
2022-03-25,United States,332915074,46436,79942141,24.01277299927849,0.023,970260,848377169,218524626,622,978908
2022-03-26,United States,332915074,9433,79951574,24.015606454635936,0.023,625224,849002393,218554438,151,979059
2022-03-27,United States,332915074,11790,79963364,24.01914789836161,0.023,335800,849338193,218569131,60,979119
2022-03-28,United States,332915074,38970,80002334,24.030853586401438,0.024,706484,850044677,218606249,1032,980151
2022-03-29,United States,332915074,24180,80026514,24.03811669999659,0.025,1049970,851094647,218645620,985,981136
2022-03-30,United States,332915074,39180,80065694,24.049885467186748,0.025,1053152,852147799,218702525,1168,982304
2022-03-31,United States,332915074,45633,80111327,24.063592566553474,0.026,950064,853097863,218767936,521,982825
2022-04-01,United States,332915074,32218,80143545,24.073270109721737,0.027,911826,854009689,218846527,835,983660
2022-04-02,United States,332915074,11807,80155352,24.07681665985482,0.027,596686,854606375,218890389,158,983818
2022-04-03,United States,332915074,4755,80160107,24.078244952044436,0.028,315900,854922275,218916140,59,983877
2022-04-04,United States,332915074,28904,80189011,24.086927046145107,0.029,695287,855617562,218977319,589,984466
2022-04-05,United States,332915074,25603,80214614,24.09461759607797,0.03,1074907,856692469,219038163,514,984980
2022-04-06,United States,332915074,40947,80255561,24.10691712926162,0.031,998246,857690715,219102127,1128,986108
2022-04-07,United States,332915074,50637,80306198,24.122127314667644,0.032,940089,858630804,219164483,829,986937
2022-04-08,United States,332915074,75026,80381224,24.144663392442244,0.034,915626,859546430,219238874,643,987580
2022-04-09,United States,332915074,12711,80393935,24.14848148329865,0.035,593374,860139804,219280539,145,987725
2022-04-10,United States,332915074,9534,80403469,24.15134527672364,0.036,316418,860456222,219304996,25,987750
2022-04-11,United States,332915074,40341,80443810,24.163462781502048,0.037,682554,861138776,219366378,339,988089
2022-04-12,United States,332915074,35744,80479554,24.174199453642043,0.04,964116,862102892,219428984,616,988705
2022-04-13,United States,332915074,55388,80534942,24.19083672973006,0.043,914148,863017040,219490477,949,989654
2022-04-14,United States,332915074,50661,80585603,24.206054124181833,0.045,816765,863833805,219552022,704,990358
2022-04-15,United States,332915074,35439,80621042,24.216699181365396,0.048,700076,864533881,219615803,462,990820
2022-04-16,United States,332915074,12334,80633376,24.220404030128115,0.051,456183,864990064,219648531,54,990874
2022-04-17,United States,332915074,7503,80640879,24.222657758056336,0.052,257467,865247531,219656738,11,990885
2022-04-18,United States,332915074,61391,80702270,24.241098196713075,0.053,554915,865802446,219712644,261,991146
2022-04-19,United States,332915074,39264,80741534,24.252892195563362,0.054,799183,866601629,219768476,443,991589
2022-04-20,United States,332915074,68940,80810474,24.273600179486017,0.055,817271,867418900,219824900,895,992484
2022-04-21,United States,332915074,61696,80872170,24.292132233099185,0.055,768826,868187726,219878530,430,992914
2022-04-22,United States,332915074,90052,80962222,24.319181774268355,0.055,755872,868943598,219932869,558,993472
2022-04-23,United States,332915074,19731,80981953,24.325108511007222,0.056,498257,869441855,219965542,51,993523
2022-04-24,United States,332915074,13489,80995442,24.32916029509676,0.057,284278,869726133,219982962,31,993554
2022-04-25,United States,332915074,70207,81065649,24.350248856559737,0.059,740246,870466379,220030712,287,993841
2022-04-26,United States,332915074,45351,81111000,24.36387124963888,0.06,1137359,871603738,220079213,328,994169
2022-04-27,United States,332915074,90017,81201017,24.390910277616324,0.062,1085664,872689402,220129603,803,994972
2022-04-28,United States,332915074,77358,81278375,24.414146834336496,0.065,1001617,873691019,220180934,409,995381
2022-04-29,United States,332915074,61189,81339564,24.432526596858153,0.067,983621,874674640,220237922,429,995810
2022-04-30,United States,332915074,23984,81363548,24.439730836579663,0.068,613097,875287737,220268497,115,995925
2022-05-01,United States,332915074,16702,81380250,24.444747731669246,0.069,329991,875617728,220285264,21,995946
2022-05-02,United States,332915074,94704,81474954,24.47319462620668,0.072,663899,876281627,220328545,289,996235
2022-05-03,United States,332915074,49591,81524545,24.48809061736868,0.075,1011387,877293014,220373882,753,996988
2022-05-04,United States,332915074,112027,81636572,24.521740941054535,0.077,997251,878290265,220419010,1949,998937
2022-05-05,United States,332915074,88551,81725123,24.548339616487297,0.079,960372,879250637,220464405,309,999246
2022-05-06,United States,332915074,128758,81853881,24.587015546193022,0.081,941309,880191946,220516527,376,999622
2022-05-07,United States,332915074,27812,81881693,24.59536962871198,0.083,653264,880845210,220543625,184,999806
2022-05-08,United States,332915074,5760,81887453,24.597099799692458,0.085,354982,881200192,220555105,25,999831
2022-05-09,United States,332915074,130033,82017486,24.636158709953758,0.087,717695,881917887,220598397,247,1000078
2022-05-10,United States,332915074,70249,82087735,24.6572598872468,0.089,1103135,883021022,220642952,330,1000408
2022-05-11,United States,332915074,160188,82247923,24.705376663118596,0.092,1107067,884128089,220687798,927,1001335
2022-05-12,United States,332915074,113988,82361911,24.73961602591777,0.094,1016365,885144454,220733088,57,1001392
2022-05-13,United States,332915074,87368,82449279,24.765859355470337,0.096,943307,886087761,220782824,198,1001590
2022-05-14,United States,332915074,17028,82466307,24.77097417343139,0.098,690491,886778252,220811563,57,1001647
2022-05-15,United States,332915074,32072,82498379,24.780607861571326,0.099,373840,887152092,220827917,33,1001680
2022-05-16,United States,332915074,178664,82677043,24.834274401164542,0.101,757361,887909453,220870068,239,1001919
2022-05-17,United States,332915074,84487,82761530,24.859652344849966,0.105,1082230,888991683,220912170,386,1002305
2022-05-18,United States,332915074,203655,82965185,24.92082560370937,0.107,1077534,890069217,220955886,957,1003262
2022-05-19,United States,332915074,135041,83100226,24.96138880151759,0.11,952360,891021577,221000229,325,1003587
2022-05-20,United States,332915074,148872,83249098,25.00610651231731,0.114,869528,891891105,221051363,409,1003996
2022-05-21,United States,332915074,26765,83275863,25.014146100215335,0.116,602509,892493614,221081100,68,1004064
2022-05-22,United States,332915074,9539,83285402,25.01701139552485,0.116,359398,892853012,221098718,25,1004089
2022-05-23,United States,332915074,139937,83425339,25.05904523866648,0.117,551102,893404114,221142375,204,1004293
2022-05-24,United States,332915074,79794,83505133,25.08301351353048,0.12,706593,894110707,221183269,353,1004646
2022-05-25,United States,332915074,216236,83721369,25.14796581424847,,,,221219408,1060,1005706
2022-05-26,United States,332915074,142610,83863979,25.190802564860732,,,,221247539,305,1006011
2022-05-27,United States,332915074,105085,83969064,25.222367672062816,,,,221273591,570,1006581
2022-05-28,United States,332915074,11043,83980107,25.22568473423946,,,,221286183,33,1006614
2022-05-29,United States,332915074,4288,83984395,25.226972750413818,,,,221291874,7,1006621
2022-05-30,United States,332915074,28017,84012412,25.235388410198574,,,,221292360,27,1006648
2022-05-31,United States,332915074,198403,84210815,25.294984089545913,,,,,384,1007032
